{"cameraMode":{"drawMode":0,"name":"Shaded","section":"Shading Mode"},"sceneLighting":true,"audioPlay":false,"sceneViewState":{"m_AlwaysRefresh":false,"showFog":true,"showSkybox":true,"showFlares":true,"showImageEffects":true,"showParticleSystems":true,"showVisualEffectGraphs":true,"m_FxEnabled":true},"in2DMode":false,"pivot":{"x":3.330610990524292,"y":-3.5391311645507814,"z":-2.8416385650634767},"rotation":{"x":-0.021321482956409456,"y":0.9288188219070435,"z":-0.36594003438949587,"w":-0.05411756411194801},"size":18.568891525268556,"orthographic":false}